last name,first name,age,position,team,faStatus,total-contract,average
Conley,Mike,29,PG,MEM,UFA,152605576,30521115
DeRozan,DeMar,28,SG,TOR,UFA,139000000,27800000
Beal,Bradley,24,SG,WAS,RFA,127171313,25434263
Drummond,Andre,24,C,DET,RFA,127171313,25434263
Batum,Nicolas,28,SG,CHA,UFA,120000000,24000000
Horford,Al,31,C,ATL,UFA,113326228,28331557
James,LeBron,32,SF,CLE,UFA,99857127,33285709
Whiteside,Hassan,28,C,MIA,UFA,98419538,24604885
Barnes,Harrison,25,SF,GSW,UFA,94438525,23609631
Parsons,Chandler,28,SF,DAL,UFA,94438523,23609631
Fournier,Evan,24,SG,ORL,RFA,85000000,17000000
Anderson,Ryan,29,PF,NOP,UFA,80000000,20000000
Crabbe,Allen,25,SF,POR,RFA,74832500,18708125
Noah,Joakim,32,C,CHI,UFA,72590000,18147500
Biyombo,Bismack,25,PF,TOR,UFA,72000000,18000000
Deng,Luol,32,SF,MIA,UFA,72000000,18000000
Howard,Dwight,31,C,HOU,UFA,70500000,23500000
Bazemore,Kent,28,SF,ATL,UFA,70000000,17500000
Turner,Evan,28,SF,BOS,UFA,70000000,17500000
Mozgov,Timofey,31,C,CLE,UFA,64000000,16000000
Mahinmi,Ian,30,C,IND,UFA,64000000,16000000
Smith,J.R.,32,SG,CLE,UFA,57000000,14250000
Williams,Marvin,31,PF,CHA,UFA,54512500,13628125
Durant,Kevin,29,SF,OKC,UFA,54274505,27137253
Gordon,Eric,28,SG,NOP,UFA,52886489,13221622
Plumlee,Miles,29,C,MIL,RFA,50000000,12500000
Johnson,Tyler,24,SG,MIA,RFA,50000000,12500000
Clarkson,Jordan,25,SG,LAL,RFA,50000000,12500000
Lee,Courtney,32,SG,CHA,UFA,48003340,12000835
Hill,Solomon,26,SF,IND,UFA,48000000,12000000
Wade,Dwyane,35,SG,MIA,UFA,47000000,23500000
Harkless,Maurice,24,PF,POR,RFA,42000000,10500000
Crawford,Jamal,37,SG,LAC,UFA,42000000,14000000
Leuer,Jon,28,PF,PHX,UFA,42000000,10500000
Leonard,Meyers,25,C,POR,RFA,41000000,10250000
Dellavedova,Matthew,27,PG,CLE,RFA,38430000,9607500
Lin,Jeremy,29,PG,CHA,UFA,38300000,12766667
Powell,Dwight,26,PF,DAL,UFA,37268750,9317188
Rivers,Austin,27,SG,LAC,UFA,35475000,11825000
Moore,E'Twaun,28,SG,CHI,UFA,34000000,8500000
Gasol,Pau,37,PF,CHI,UFA,31697500,15848750
Jefferson,Al,32,C,CHA,UFA,30000000,10000000
Dudley,Jared,32,PF,WAS,UFA,30000000,10000000
Augustin,D.J.,29,PG,DEN,UFA,29000000,7250000
Thomas,Lance,29,SF,NYK,UFA,27549950,6887488
Rondo,Rajon,31,PG,SAC,UFA,27397000,13698500
Bayless,Jerryd,29,PG,MIL,UFA,27000000,9000000
Nicholson,Andrew,27,PF,ORL,UFA,26000000,6500000
Nowitzki,Dirk,39,PF,DAL,UFA,25000000,25000000
Afflalo,Arron,31,SG,NYK,UFA,25000000,12500000
Temple,Garrett,31,SG,WAS,UFA,24000000,8000000
Arthur,Darrell,29,PF,DEN,UFA,23000000,7666667
Johnson,Joe,36,SF,MIA,UFA,21505000,10752500
Marjanovic,Boban,29,C,SAS,RFA,21000000,7000000
Booker,Trevor,29,PF,UTH,UFA,18375000,9187500
Zeller,Tyler,27,C,BOS,RFA,18000000,9000000
Henderson,Gerald,29,SG,POR,UFA,18000000,9000000
Smith,Ishmael,29,PG,PHI,UFA,18000000,6000000
Johnson,Wesley,30,SG,LAC,UFA,17643780,5881260
Tolliver,Anthony,32,PF,DET,UFA,16000000,8000000
Smith,Jason,31,PF,ORL,UFA,15675000,5225000
Ezeli,Festus,27,C,GSW,UFA,15133000,7566500
Green,Jeff,31,SF,LAC,UFA,15000000,15000000
Ginobili,Manu,40,SG,SAS,UFA,14000000,14000000
Black,Tarik,25,C,LAL,RFA,12846325,6423163
Ellington,Wayne,29,SG,BKN,UFA,12270000,6135000
Barnes,Matt,37,SF,MEM,UFA,12250000,6125000
Daniels,Troy,26,SG,CHA,RFA,10000009,3333336
Williams,Deron,33,PG,DAL,UFA,10000000,10000000
Hill,Jordan,30,C,IND,UFA,8000000,4000000
Barbosa,Leandro,34,SG,GSW,UFA,8000000,4000000
Jefferson,Richard,37,SF,CLE,UFA,7612500,2537500
Hamilton,Justin,27,C,MIN,UFA,6000000,3000000
Sessions,Ramon,31,PG,WAS,UFA,6000000,6000000
Waiters,Dion,25,SG,OKC,UFA,5926410,2963205
Curry,Seth,27,SG,SAC,UFA,5926410,2963205
Dedmon,Dewayne,28,C,ORL,UFA,5926410,2963205
Ennis,James,27,SF,NOP,UFA,5926410,2963205
Sullinger,Jared,25,PF,BOS,UFA,5628000,5628000
Scola,Luis,37,PF,TOR,UFA,5500000,5500000
Price,Ronnie,34,PG,PHX,UFA,5000000,2500000
Vasquez,Greivis,30,PG,MIL,UFA,5000000,5000000
Jennings,Brandon,28,PG,ORL,UFA,5000000,5000000
Hibbert,Roy,30,C,LAL,UFA,5000000,5000000
Williams,Derrick,26,PF,NYK,UFA,4598000,4598000
Richard,Luc,31,SF,LAC,UFA,4505135,2252568
Frazier,Tim,26,PG,NOP,RFA,4090000,2045000
Humphries,Kris,32,PF,ATL,UFA,4000000,4000000
Haslem,Udonis,37,PF,MIA,UFA,4000000,4000000
Johnson,James,30,PF,TOR,UFA,4000000,4000000
Rush,Brandon,32,SG,GSW,UFA,3500000,3500000
Lee,David,34,PF,DAL,UFA,3157626,1578813
Huertas,Marcelo,34,PG,LAL,RFA,3067600,1533800
Hilario,Nene,35,PF,WAS,UFA,2898000,2898000
Pachulia,Zaza,33,C,DAL,UFA,2898000,2898000
Speights,Marreese,30,C,GSW,UFA,2863580,1431790
Brooks,Aaron,32,PG,CHI,UFA,2700000,2700000
Foye,Randy,34,SG,OKC,UFA,2500000,2500000
WrotenJr.,Tony,24,SG,MEM,UFA,2229953,1114977
Prigioni,Pablo,40,PG,LAC,UFA,2229953,1114977
Acy,Quincy,26,SF,SAC,UFA,2229953,1114977
Canaan,Isaiah,26,PG,PHI,UFA,2103441,1051721
Reed,Willie,27,PF,BKN,UFA,2103441,1051721
Dinwiddie,Spencer,24,PG,CHI,UFA,2031676,1015838
Wood,Christian,22,PF,PHI,RFA,1889382,944691
WorldPeace,Metta,37,SF,LAL,UFA,1551659,1551659
Amundson,Louis,34,PF,NYK,UFA,1551659,1551659
Brand,Elton,38,PF,PHI,UFA,1551659,1551659
Novak,Steve,34,SF,MIL,UFA,1551659,1551659
Terry,Jason,40,SG,HOU,UFA,1551659,1551659
Felton,Raymond,33,PG,DAL,UFA,1551659,1551659
Andersen,Chris,39,PF,MEM,UFA,1551659,1551659
Bass,Brandon,32,PF,LAL,UFA,1551659,1551659
Varejao,Anderson,35,PF,GSW,UFA,1551659,1551659
Jack,Jarrett,33,PG,BKN,UFA,1551659,1551659
West,David,37,PF,SAS,UFA,1551659,1551659
Farmar,Jordan,30,PG,MEM,UFA,1410598,1410598
Green,Gerald,31,SG,MIA,UFA,1410598,1410598
Vujacic,Sasha,33,SG,NYK,UFA,1410598,1410598
Gee,Alonzo,30,SF,NOP,UFA,1400000,1400000
Lawson,Ty,29,PG,IND,UFA,1315448,1315448
Anderson,Alan,34,SG,WAS,UFA,1315448,1315448
Thornton,Marcus,30,SG,WAS,UFA,1315448,1315448
Stephenson,Lance,26,SF,MEM,UFA,1227286,1227286
Robinson,Thomas,26,PF,BKN,UFA,1050961,1050961
Jones,Terrence,25,PF,HOU,UFA,1050961,1050961
Roberts,Brian,31,PG,POR,UFA,1050961,1050961
Clark,Ian,26,SG,GSW,UFA,1015696,1015696
Early,Cleanthony,26,SF,NYK,UFA,980431,980431
McAdoo,James,24,SF,GSW,UFA,980431,980431
