last name,first name
Gasol,Marc
Chandler,Tyson
Young,Thaddeus
Jordan,DeAndre
Afflalo,Arron
Chandler,Wilson
Thornton,Marcus
Prince,Tayshaun
Davis,Glen
Stuckey,Rodney
Richardson,Jason
Butler,Caron
Hayes,Chuck
West,David
Richard,Luc
Barea,Jose
Jerebko,Jonas
Hamilton,Richard
Battier,Shane
Carter,Vince
Brewer,Corey
Landry,Carl
Green,Jeff
Humphries,Kris
Chalmers,Mario
Smith,Jason
Dunleavy,Mike
Hill,Grant
Cook,Daequan
Jones,James
Cunningham,Dante
Hawes,Spencer
Telfair,Sebastian
Thomas,Kurt
Martin,Kenyon
Clark,Earl
Parker,Anthony
Wright,Brandan
Cardinal,Brian
Scalabrine,Brian
Howard,Juwan
Davis,Baron
Bibby,Mike
Collins,Jason
Stackhouse,Jerry
Battie,Tony
McGrady,Tracy
Haddadi,Hamed
Jeffries,Jared
Pavlovic,Sasha
Price,Ronnie
Smith,Craig
McGuire,Dominic
Brown,Derrick
Davis,Josh
Przybilla,Joel
Carroll,DeMarre
Jianlian,Yi
Foster,Jeff
Redd,Michael
Murphy,Troy
Evans,Maurice
Barron,Earl
Ely,Melvin
Carter,Anthony
Tarver,Seth
Watson,Earl
LucasIII,John
Johnson,Chris
Arenas,Gilbert
Kirilenko,Andrei
Randolph,Zach
Roy,Brandon
Stojakovic,Peja
Billups,Chauncey
Dalembert,Samuel
Curry,Eddy
Ford,T.J.
Crawford,Jamal
Radmanovic,Vladimir
Kapono,Jason
Gadzuric,Dan
Buckner,Greg
Peterson,Morris
Smith,J.R.
Oden,Greg
McDyess,Antonio
Pietrus,Mickael
Krstic,Nenad
Vujacic,Sasha
Evans,Reggie
Songaila,Darius
Banks,Marcus
Turiaf,Ronny
Robinson,Nate
Green,Willie
Bogans,Keith
Stevenson,DeShawn
Howard,Josh
Wilcox,Chris
Moon,Jamorio
Wright,Julian
Daniels,Marquis
Andersen,David
Hollins,Ryan
Brown,Shannon
Williams,Terrence
Thornton,Al
N'Diaye,Hamady
Mason,Roger
Ilgauskas,Zydrunas
Ajinca,Alexis
Boykins,Earl
Ratliff,Theo
Smith,Joe
Thomas,Tim
Brooks,Aaron
Magloire,Jamaal
Allen,Malik
Brown,Kwame
Thomas,Etan
Collins,Mardy
Elson,Francisco
Ross,Quinton
Powell,Josh
Gray,Aaron
Fesenko,Kyrylo
West,Delonte
Mbenga,DJ
Jeffers,Othyus
Williams,Shelden
Armstrong,Hilton
Head,Luther
Mills,Patrick
Wafer,Von
Williams,Shawne
Quinn,Chris
McRoberts,Josh
Martin,Cartier
Taylor,Jermaine
Rautins,Andy
Law,Acie
Smith,Ishmael
Summers,DaJuan
Diogu,Ike
Weems,Sonny
Jackson,Darnell
Warren,Willie
Forbes,Gary
Jeter,Pooh
Uzoh,Ben
Collins,Sherron
Butler,Rasual
Novak,Steve
Carney,Rodney
Wilkins,Damien
Mensah-Bonsu,Pops
Pargo,Jannero
White,Terrico
Owens,Larry
Williams,Reggie
Green,Gerald
Smith,Greg
Thompson,Mychel
Anderson,Alan
Blakely,Marqus
Cousin,Marcus
