last name,first name
Williams,Deron
Gordon,Eric
Hibbert,Roy
Batum,Nicolas
McGee,JaVale
Wallace,Gerald
Hill,George
Ilyasova,Ersan
Garnett,Kevin
Green,Jeff
Anderson,Ryan
Duncan,Tim
Thompson,Jason
Dragic,Goran
Nash,Steve
Nelson,Jameer
Asik,Omer
Lin,Jeremy
Lee,Courtney
Crawford,Jamal
Bass,Brandon
Fields,Landry
Beasley,Michael
Mahinmi,Ian
Williams,Louis
Terry,Jason
Felton,Raymond
Miller,Andre
Camby,Marcus
Hawes,Spencer
Green,Danny
Roy,Brandon
Sessions,Ramon
Arthur,Darrell
Diaw,Boris
Kidd,Jason
Speights,Marreese
Mayo,O.J.
Landry,Carl
Rush,Brandon
Kaman,Chris
Hinrich,Kirk
Hill,Jordan
Brown,Shannon
Stevenson,DeShawn
Allen,Ray
Bayless,Jerryd
Allen,LaVoy
Delfino,Carlos
Brown,Kwame
Young,Nick
Stiemsma,Greg
Gray,Aaron
Randolph,Anthony
Evans,Jeremy
Evans,Reggie
Brooks,Aaron
Jeffries,Jared
Miles,C.J.
Green,Willie
Hill,Grant
Hickson,J.J
Billups,Chauncey
Augustin,D.J.
LucasIII,John
Smith,Ishmael
Lewis,Rashard
Haddadi,Hamed
Foye,Randy
Anderson,James
Price,Ronnie
Mills,Patrick
Watson,C.J.
Belinelli,Marco
Orton,Daniel
Webster,Martell
Liggins,DeAndre
Higgins,Cory
Moore,E'Twaun
Meeks,Jodie
Murphy,Troy
Curry,Eddy
Carter,Anthony
Magloire,Jamaal
O'Neal,Jermaine
Mohammed,Nazr
Collins,Jason
Jamison,Antawn
Radmanovic,Vladimir
Stackhouse,Jerry
Wilcox,Chris
Quinn,Chris
Christmas,Dionte
Howard,Josh
Barbosa,Leandro
Pargo,Jannero
Milicic,Darko
Daniels,Marquis
Cook,Brian
Barnes,Matt
Bogans,Keith
Wilkins,Damien
Mason,Roger
Ivey,Royal
West,Delonte
Jones,Solomon
Williams,Terrence
Jones,Kevin
Blatche,Andray
Robinson,Nate
Turiaf,Ronny
Livingston,Shaun
Fisher,Derek
Barron,Earl
Childress,Josh
Brewer,Ronnie
Hollins,Ryan
Ebanks,Devin
Harangody,Luke
Greene,Donte
Varnado,Jarvis
Johnson,Ivan
Morris,Darius
Morrison,Adam
Martin,Cartier
Flynn,Jonny
Summers,DaJuan
Brown,Derrick
Gaines,Sundiata
Price,A.J.
Ahearn,Blake
Uzoh,Ben
Johnson,Armon
Alabi,Solomon
Jeffers,Othyus
Tolliver,Anthony
Holiday,Justin
Joseph,Kris
Akognon,Josh
Reed,Willie
RussellJr,Walker
Jordan,Jerome
Harrellson,Josh
Wright,Chris
Harris,Terrel
Taylor,Jermaine
Gladness,Mickell
Cook,Daequan
Douglas-Roberts,Chris
Hayward,Lazar
Temple,Garrett
Mack,Shelvin
Tarver,Seth
McNeal,Jerel
Dennis,Stephen
Mays,James
Smith,Jamar
Dooling,Keyon
Andersen,Chris
Randolph,Shavlik
McGuire,Dominic
Goudelock,Andrew
McGrady,Tracy
Richardson,Quentin
Pargo,Jermey
James,Mike
James,Damion
Pietrus,Mickael
Smith,J.R.
Silas,Xavier
Gadzuric,Dan
Fesenko,Kyrylo
Kennedy,D.J.
Okur,Mehmet
Humphries,Kris
Samuels,Samardo
Posey,James
Childress,Josh
Miller,Brad
Milicic,Darko
Bell,Charlie
Gomes,Ryan
Farmar,Jordan
Flynn,Jonny
Williams,Shawne
Najera,Eduardo
Martin,Kenyon
Lopez,Brook
Butler,Rasual
Amundson,Louis
Parker,Anthony
Williams,Terrence
Wallace,Ben
Howard,Josh
Lopez,Robin
Fisher,Derek
Forbes,Gary
Fernandez,Rudy
Cardinal,Brian
Brackins,Craig
Scalabrine,Brian
Bibby,Mike
Battie,Tony
Davis,Baron
Redd,Michael
White,D.J.
Cook,Brian
Tucker,Alando
Curry,Eddy
Evans,Maurice
Pavlovic,Sasha
Kapono,Jason
Eyenga,Christian
Graham,Joey
Johnson,JaJuan
Brockman,Jon
Pargo,Jermey
Wafer,Von
Williams,Shelden
Novak,Steve
Smith,Craig
Weaver,Kyle
Young,Sam
Brown,Derrick
Honeycutt,Tyler
Alabi,Solomon
Jianlian,Yi
Tyler,Jeremy
Whiteside,Hassan
Leslie,Travis
Rautins,Andy
Gee,Alonzo
Przybilla,Joel
Sy,Pape
Erden,Semih
Mack,Shelvin
Harper,Justin
Gaines,Sundiata
Moon,Jamorio
Williams,Sean
Williams,Jordan
Wright,Chris
Jordan,Jerome
Macklin,Vernon
Harrellson,Josh
Arenas,Gilbert
Arroyo,Carlos
RussellJr,Walker
Simmons,Bobby
Summers,DaJuan
Butler,Da'Sean
Green,Gerald
Azubuike,Kelenna
Hollins,Ryan
Barron,Earl
Harris,Manny
Johnson,Carldell
Moore,Mikki
Fortson,Courtney
Singleton,James
Anderson,Alan
Diogu,Ike
Gadzuric,Dan
Uzoh,Ben
Simpson,Diamon
Dampier,Erick
Johnson,Armon
Gladness,Mickell
Sloan,Donald
Almond,Morris
Ahearn,Blake
Watkins,Darryl
Ubiles,Edwin
Allen,Ryan
Harris,Mike
Reid,Ryan
Scott,Carleton
Hobson,Darington
Searcy,Devin
Shurna,John
Sims,Henry
Jackson,Rick
Jackson,Darnell
Smith,Chris
Blakely,Marqus
Somogyi,Greg
Jaric,Marko
Jeffers,Othyus
Joseph,Kris
Johnson,Christapher
Brown,Carlon
Brown,D'Aundray
Butch,Brian
Thabeet,Hasheem
Thompson,Hollis
Johnson-Odom,Darius
Byars,Derrick
Thompson,Mychel
Thorns,Hank
Carney,Rodney
Carter,Anthony
Christmas,Dionte
Smith,Jamar
Karl,Coby
McGuire,Dominic
Lauderdale,Dallas
Dennis,Stephen
Machado,Scott
Dorsey,Joey
Downs,Micah
Dozier,Robert
Dunigan,Michael
Dupree,Ronald
Ely,Melvin
Eric,Michael
Farrakhan,Mustapha
Mitchell,Tony
Vaden,Robert
Morrison,Adam
Weems,Sonny
Murray,Flip
N'Diaye,Hamady
Gilder,Trey
Nelson,Reeves
Gill,Eddie
Witherspoon,Wesley
Nevill,Luke
Nocioni,Andres
Wright,Chris
Goulbourne,Lance
Owens,Josh
Gray,Steven
Green,JaMychal
Plaisted,Trent
Greene,Orien
Powell,Josh
Hannah,Stefhon
Aguilar,Ronnie
Harper,Demonte
